Google Queries,Keywords,,First Name,Last Name,Phone,Email,Location,Subject,Message
mineral buyers,mineral,,FirstName,LastName,133333337,unknown@dev.com,My Location,My Subject,
oil royalty buyers,royalty,,,,,,,,
mineral rights buyer,royalties,,,,,,,,
mineral buyer texas,energy,,,,,,,,
mineral buyer oklahoma,resources,,,,,,,,
mineral buyer colorado,exploration,,,,,,,,
mineral buyer north dakota,petroleum,,,,,,,,
mineral buyer ohio,oil,,,,,,,,
mineral buyer west virgnia,gas,,,,,,,,
mineral buyer new mexico,ranch,,,,,,,,
mineral buyer louisiana,land,,,,,,,,
mineral buyer pennsylvania,acquisition,,,,,,,,
sell mineral rights,acq,,,,,,,,
mineral rights broker,drilling,,,,,,,,
mineral rights value,,,,,,,,,
